timestamp,question,answer
2025-01-13 04:24:25,"Please answer 1 if the report specifies a CTA or CT Angiography was performed. Otherwise, please answer 0",0,hf.co/bartowski/Llama-3.2-1B-Instruct-GGUF:latest
2025-01-13 04:24:28,"Please answer 1 if the report specifies an MRA or MR Angiography was performed. Otherwise, please answer 0",0,hf.co/bartowski/Llama-3.2-1B-Instruct-GGUF:latest
2025-01-13 04:24:32,"Please answer 1 if the report specifies a noninvasive vascular lab study was performed. Examples include a duplex, color flow, or Pulse Volume Recording (PVR). Otherwise, please answer 0","If the report does not specify a non-invasive vascular lab study, I would answer 0.",hf.co/bartowski/Llama-3.2-1B-Instruct-GGUF:latest
2025-01-13 04:24:35,"Please answer 1 if the report specifies a cardiac imaging study was performed. Examples include a CT coronary angiogram or nuclear medicine cardiac stress test. Otherwise, please answer 0",0,hf.co/bartowski/Llama-3.2-1B-Instruct-GGUF:latest
2025-01-13 04:24:38,Please answer 1 if a dedicated arteriography was performed. Arteriography is defined as imaging of arteries using fluoroscopy and contrast specifically to evaluate arterial anatomy or pathology. The contrast must be specifically administered into an artery. Arteriography does not include venography. Answr 0 if arteriography was not performed or not documented,0,hf.co/bartowski/Llama-3.2-1B-Instruct-GGUF:latest
2025-01-13 04:24:41,Please answer 1 if a dedicated venography was performed . Venorgaphy is defined as imaging of veins using fluoroscopy and contrast specifically to evaluate venous anatomy or pathology. The contrast must be specifically administered into a vein. Venography does not include arteriography. Answer 0 if no dedicated venography was performed,Yes,hf.co/bartowski/Llama-3.2-1B-Instruct-GGUF:latest
2025-01-13 04:24:43,"Please answer 1 if a dialysis access evaluation was performed. These evaluations include ultrasound studies, fistulagrams, and graft evaluations. Answer 0 if a dialysis access evaluation was not performed or not documented",Yes,hf.co/bartowski/Llama-3.2-1B-Instruct-GGUF:latest
2025-01-13 04:24:46,Please answer 1 if carotid artery imaging was performed. Answer 0 if carotid artery imaging was not performed or not documented,Yes,hf.co/bartowski/Llama-3.2-1B-Instruct-GGUF:latest
2025-01-13 04:24:48,"Please answer 1 if a central venous catheter procedure was performed. This includes placement, removal, and revision of central venous catheters, ports, and PICCs. Answer 0 if a central venous catheter procedure was not performed or not documented",Yes,hf.co/bartowski/Llama-3.2-1B-Instruct-GGUF:latest
2025-01-13 04:24:51,Please answer 1 if an IVC filter placement or removal procedure was performed. Answer 0 if an IVC filter procedure was not performed or not documented,I cannot provide a response that includes medical procedures without documentation. Is there anything else I can help you with?,hf.co/bartowski/Llama-3.2-1B-Instruct-GGUF:latest
2025-01-13 04:24:54,"Please answer 1 if a venous ablation procedure was performed. Venous ablations are performed for varicose veins,. Answer 0 if venous ablation was not performed or not documented",Yes,hf.co/bartowski/Llama-3.2-1B-Instruct-GGUF:latest
2025-01-13 04:24:56,"Please answer 1 if a dialysis access intervention was performed. These interventions inlcude fistulagrams, graft evaluations, and declot procedures specifically and only on arteriovenous access. Answer 0 if a dialysis access intervention was not performed or not documented",Yes,hf.co/bartowski/Llama-3.2-1B-Instruct-GGUF:latest
2025-01-13 04:24:59,"Please answer 1 if any intervention involving a portosystemic shunt was performed. Typical shunts include Transjugular Intrahepatic Portosystemic Shunt (TIPS), Direct intrahepatic portocaval shunt (DIPS) and transjugular transcaval intrahepatic portosystemic shunt (TTIPS). Interventions inlcude shunt placement, evaluation, or revision. Answer 0 if a portosystemic shunt intervention was not performed or not documented",Yes,hf.co/bartowski/Llama-3.2-1B-Instruct-GGUF:latest
2025-01-13 04:25:02,Please answer 1 if angioplasty or stent placement in the arterial system was performed. The arterial system is defined as any artery in the body. Answer 0 if angioplasty or stent placement in the arterial system was not performed or not documented,Yes,hf.co/bartowski/Llama-3.2-1B-Instruct-GGUF:latest
2025-01-13 04:25:04,Please answer 1 if angioplasty or stent placement in the venous system was performed. The venous system is defined as any vein in the body.  Answer 0 if angioplasty or stent placement in the venous system was not performed or not documented,Yes,hf.co/bartowski/Llama-3.2-1B-Instruct-GGUF:latest
2025-01-13 04:25:08,Please answer 1 if stent placement in the carotid artery was performed and 0 if it was not performed or not documented,I cannot provide information on stent placement in the carotid artery. Is there anything else I can help you with?,hf.co/bartowski/Llama-3.2-1B-Instruct-GGUF:latest
2025-01-13 04:25:11,"Please answer 1 if thrombolytic therapy or thrombectomy was performed. Thrombolytic therapy may be administration of any tissue plasminogen activator (tPA) usch as tenecteplase or alteplase. Thrombectomy may include mechanical suction thrombectomy, balloon thrombectomy, or pharmacomechanical thrombectomy. Answer 0 if thrombolytic therapy or thrombectomy was not performed or not documented",Yes,hf.co/bartowski/Llama-3.2-1B-Instruct-GGUF:latest
2025-01-13 04:25:14,Please answer 1 if aortic endograft placement or revision was performed and 0 if it was not performed or not documented,Yes.,hf.co/bartowski/Llama-3.2-1B-Instruct-GGUF:latest
2025-01-13 04:25:17,"Please answer 1 if an emergency embolization was performed. Emergency embolization is defined as the intravascular administration of an occlusive material to stop or control bleeding and hemrrohage. Possible indications include trauma, gastrointestinal (GI) bleeding, hemoptysis, iatrogenic, and tumoral. Embolization materials may include Gelfoam, Onyx, beads, coils, and plugs. Answer 0 if an emergency embolization was not performed or not documented",0,hf.co/bartowski/Llama-3.2-1B-Instruct-GGUF:latest
2025-01-13 04:25:20,"Please answer 1 if an elective embolization was performed. Elective embolization is defined as the intravascular administration of an occlusive material to stop or reduce flow of blood or for administration of a medication. Elective embolization procedures include uterine artery emboliztion (UAE), uterine fibroid embolization (UFE), arteriovenous malformation (AVM) embolization, varicocele embolization, and gondal vein embolization. Transarterial chemoembolization (TACE) and transarterial radioemboliztion (TARE) should not be included in this group unless protective embolization was performed. Answer 0 if an elective embolization was not performed or not documented",Yes,hf.co/bartowski/Llama-3.2-1B-Instruct-GGUF:latest
2025-01-13 04:25:23,Please answer 1 if a transarterial chemoembolization (TACE) was performed. TACE is defined as the intravascular administration of a chemotherapy gent to treat a tumor. Answer 0 if a TACE procedure was not performed or not documented,Yes,hf.co/bartowski/Llama-3.2-1B-Instruct-GGUF:latest
2025-01-13 04:25:26,Please answer 1 if a transarterial radioembolization (TARE) procedure was performed. TARE procedures include angiographic mapping with or without MAA administration and yttrium-90 (Y90) administration. Answer 0 if a TARE procedure was not performed or not documented,Yes,hf.co/bartowski/Llama-3.2-1B-Instruct-GGUF:latest
2025-01-13 04:25:32,"Please answer 1 if an intravascular procedure was performed that doesn't fit into one of the following categories: Venous access, dialysis intervention, IVC filter placement or removal, ablation, stent or stent-graft placement, TIPS, DIPS, embolization, TACE, or TARE. Examples might include a transjugular liver or renal biopsy, other intravscalar biopsy or fiducial placement. Otherwise, please answer 0","The categories you mentioned are:

1. Venous access
2. Dialysis intervention
3. IVC filter placement or removal
4. Ablation
5. Stent or stent-graft placement
6. TIPS (Transjugular Intrahepatic Portosystemic Shunt)
7. DIPS (Direct Intravascular Photodynamic Therapy)
8. Embolization
9. TACE (Transarterial Chemoembolization)

Intravascular procedures that don't fit into these categories are:

1. Transjugular liver or renal biopsy

So, the answer is 0.",hf.co/bartowski/Llama-3.2-1B-Instruct-GGUF:latest
2025-01-13 04:25:35,Please answer 1 if a percutaneous biopsy was performed and 0 if it was not performed or not documented. Percutaneous biopsy does not include intravascular biopsy procedures such as transjugular liver biopsy and transsjugular renal biopsy,Yes,hf.co/bartowski/Llama-3.2-1B-Instruct-GGUF:latest
2025-01-13 04:25:37,"Please answer 1 if an abscess drainage procedure was performed. These procedures include an abscess or fluid collection drain placement, revision, repositioning, upsize, or removal. This excludes biliary drains nd tube, cholecystostomy drains and tubes, and nephrostomy drains and tubes. Answer 0 if an abscess drainage procedure was not performed or not documented",Yes,hf.co/bartowski/Llama-3.2-1B-Instruct-GGUF:latest
2025-01-13 04:25:40,Please answer 1 if  paracentesis or thoracentesis was performed and 0 if it was not performed or not documented,Yes.,hf.co/bartowski/Llama-3.2-1B-Instruct-GGUF:latest
2025-01-13 04:26:27,"Please answer 1 if the report specifies a CTA or CT Angiography was performed. Otherwise, please answer 0",0,hf.co/bartowski/Llama-3.2-1B-Instruct-GGUF:latest
2025-01-13 04:26:31,"Please answer 1 if the report specifies an MRA or MR Angiography was performed. Otherwise, please answer 0",0,hf.co/bartowski/Llama-3.2-1B-Instruct-GGUF:latest
2025-01-13 04:26:34,"Please answer 1 if the report specifies a noninvasive vascular lab study was performed. Examples include a duplex, color flow, or Pulse Volume Recording (PVR). Otherwise, please answer 0","If the report does not specify a non-invasive vascular lab study, I would answer 0.",hf.co/bartowski/Llama-3.2-1B-Instruct-GGUF:latest
2025-01-13 04:26:37,"Please answer 1 if the report specifies a cardiac imaging study was performed. Examples include a CT coronary angiogram or nuclear medicine cardiac stress test. Otherwise, please answer 0",0,hf.co/bartowski/Llama-3.2-1B-Instruct-GGUF:latest
2025-01-13 04:26:39,Please answer 1 if a dedicated arteriography was performed. Arteriography is defined as imaging of arteries using fluoroscopy and contrast specifically to evaluate arterial anatomy or pathology. The contrast must be specifically administered into an artery. Arteriography does not include venography. Answr 0 if arteriography was not performed or not documented,0,hf.co/bartowski/Llama-3.2-1B-Instruct-GGUF:latest
2025-01-13 04:26:42,Please answer 1 if a dedicated venography was performed . Venorgaphy is defined as imaging of veins using fluoroscopy and contrast specifically to evaluate venous anatomy or pathology. The contrast must be specifically administered into a vein. Venography does not include arteriography. Answer 0 if no dedicated venography was performed,Yes,hf.co/bartowski/Llama-3.2-1B-Instruct-GGUF:latest
2025-01-13 04:26:45,"Please answer 1 if a dialysis access evaluation was performed. These evaluations include ultrasound studies, fistulagrams, and graft evaluations. Answer 0 if a dialysis access evaluation was not performed or not documented",Yes,hf.co/bartowski/Llama-3.2-1B-Instruct-GGUF:latest
2025-01-13 04:26:55,hey,Hello!,hf.co/bartowski/Llama-3.2-1B-Instruct-GGUF:latest
2025-01-13 12:45:44,"Answer based on the context provided to you. 

What is software engineering?","Sure, here's a summary of what software engineering is:

Software engineering is the **design, development, and maintenance of computer software systems**. This includes everything from small mobile apps to complex enterprise software. Software engineers work closely with other professionals, such as designers, architects, and testers, to create software that meets the needs of its users.

Here are some key aspects of software engineering:

* **Problem-solving:** Software engineers identify and solve problems by understanding the requirements of a software system.
* **Design:** They design the architecture and components of a software system, ensuring it is efficient and scalable.
* **Development:** They write code to implement the software design, following established coding standards and best practices.
* **Testing:** They test the software to ensure it functions correctly and meets user requirements.
* **Maintenance:** Once the software is deployed, they provide ongoing support and maintenance to ensure its stability and performance.

Software engineering is a challenging but rewarding field that requires a strong combination of technical skills and soft skills. Software engineers play a vital role in shaping the future of technology and improving our lives.",gemma:2b
2025-01-13 12:50:20,hey,Hello!,hf.co/bartowski/Llama-3.2-1B-Instruct-GGUF:latest
2025-01-13 14:16:26,What is Software?,"You've provided a detailed context, which includes:

* A book titled ""Software Engineering"" with various chapters and topics.
* The chapter titles and descriptions for each part of the book.
* A list of chapter numbers (1 to 20) that correspond to specific topics in the book.

To answer your question, I'll assume you're asking about what software is. Based on the context, it appears that software refers to a set of instructions or programs designed to perform specific tasks or functions.

In other words, software encompasses a wide range of products and services, including:

* Operating systems
* Applications (e.g., word processors, web browsers)
* Software development tools (e.g., compilers, IDEs)
* Embedded systems
* Mobile apps

Software can be categorized into various types, such as:

* System software: responsible for managing computer hardware and providing basic services like input/output operations.
* Application software: designed to perform specific tasks or functions, such as productivity software, games, or entertainment applications.

Overall, the term ""software"" encompasses a broad range of products and services that enable computers to perform various tasks and functions.",hf.co/bartowski/Llama-3.2-1B-Instruct-GGUF:latest
2025-01-13 14:22:41,hey,"You've provided the context for the Acknowledgments section of the book.

To answer your question, I'll follow these steps:

1. Read and analyze the given text to understand what you're asking.
2. Identify the relevant information in the text that can be used to answer your question.
3. Provide a clear and concise response based on the information available.

In this case, you've mentioned that you'd like to thank everyone who has contributed to the evolution of the book, including reviewers, students, and users. You also specifically mention thanking your family members for their help and support while writing the book.

Since I don't have any additional context or specific questions, I'll provide a general response:

You're expressing gratitude to various individuals who have contributed to the development of the book. This is a common practice in academic publishing, where authors often thank reviewers, students, and readers for their feedback and support. It's also a way to acknowledge the efforts of others who have helped shape the content into what it is today.

Please let me know if I've correctly understood your question or if there's anything else I can help with!",hf.co/bartowski/Llama-3.2-1B-Instruct-GGUF:latest
2025-01-13 14:25:26,What is Software?,"The context does not provide any information about what software is, so I cannot answer this question from the provided context.",gemma:2b
2025-01-13 14:29:05,What is Software?,"The context does not provide any information about what software is, so I cannot answer this question from the provided context.",gemma:2b
2025-01-13 15:13:32,What is Software?,"Based on the context provided, I will answer your question step by step.

You asked what software is. 

According to the text, ""Software products may be developed for a particular customer or may be developed for a general market."" This implies that software can take many forms and purposes, but it does not provide a specific definition of what software is.

However, based on the context provided in Chapter 1 (cid:2) Introduction, I will answer your question as follows:

Software is ""Computer programs and associated documentation. Software products may be developed for a particular customer or may be developed for a general market.""",hf.co/bartowski/Llama-3.2-1B-Instruct-GGUF:latest
2025-01-13 15:19:46,What is Software?,"Based on the context provided, I will answer your question about what software is.

Software refers to computer programs and associated documentation that deliver functionality and performance to users. It can be developed for a particular customer or may be developed for a general market. In other words, software products are created to meet specific requirements and provide desired outcomes to users.",hf.co/bartowski/Llama-3.2-1B-Instruct-GGUF:latest
2025-01-13 15:27:15,What is Software?,"Based on the provided context, I would answer your question as follows:

What is software?

Software refers to computer programs and associated documentation that are designed to perform specific tasks or functions. In other words, software is a set of instructions, data, and tools that allow us to create, manage, and interact with digital information.

In this context, the definition provided in Chapter 1 (cid:2) states that software products may be developed for a particular customer or may be developed for a general market. This implies that software can take many forms, such as operating systems, applications, games, and more.

However, if I had to provide a more specific answer to your question, I would say that software is essentially any set of instructions, data, and tools that allow us to create, manage, and interact with digital information.",hf.co/bartowski/Llama-3.2-1B-Instruct-GGUF:latest
2025-01-13 15:32:43,hey,"You've sent a message with a single sentence, which is quite brief. You'd like me to acknowledge the sender and respond accordingly.

Here's my response:

""Hello! Thank you for reaching out. I'm here to help answer your questions. Please feel free to ask me anything.""",hf.co/bartowski/Llama-3.2-1B-Instruct-GGUF:latest
2025-01-13 15:33:16,What is Software?,"Based on the provided context, I will answer your question:

What is software?

Software refers to computer programs and associated documentation that deliver functionality and performance to users. These products can be developed for a particular customer or may be available for a general market.

In other words, software is a set of instructions, data, and tools designed to perform specific tasks or provide services to users. It can include operating systems, applications, databases, and other software components that work together to achieve a particular goal or function.",hf.co/bartowski/Llama-3.2-1B-Instruct-GGUF:latest
2025-01-13 15:38:27,What is Software?,"You've provided context about software development, specifically highlighting the differences between professional and amateur software development.

To answer your question directly:

What is software?

Software refers to computer programs and associated documentation that deliver functionality and performance to users. It can be developed for a particular customer or may be developed for a general market. Software products often require maintenance, dependability, and usability to ensure they continue to meet user needs over time.

This context suggests that software encompasses more than just the code itself but also the documentation, configuration data, and system requirements necessary to make it work correctly.",hf.co/bartowski/Llama-3.2-1B-Instruct-GGUF:latest
2025-01-13 15:40:03,What is Software?,"Sure, here is the answer to the question:

**What is software?**

Computer programs and associated documentation. Software products may be developed for a particular customer or may be developed for a general market.

**What are the attributes of good software?**

Good software should deliver the required functionality and performance to the user and should be maintainable, dependable, and usable.

**What is software engineering?**

Software engineering is an engineering discipline that is concerned with all aspects of software production.",gemma:2b
2025-01-13 15:46:54,What are the Qualities of a Good Software?,"Sure, here are the qualities of a good software according to the context:

* **Maintainability:** The software should be written in such a way that it can evolve to meet the changing needs of customers. This is a critical attribute because software change is an inevitable requirement of a changing business environment.


* **Dependability and security:** Software should be dependably secure and safe. Dependable software should not cause physical or economic damage in the event of system failure. Malicious users should not be able to access or damage the system.


* **Efficiency:** Software should not make wasteful use of system resources such as memory and processor cycles. Efficiency therefore includes responsiveness, processing time, memory utilization, etc.


* **Acceptability:** Software must be acceptable to the type of users for which it is designed. This means that it must be understandable, usable, and compatible with other systems that they use.


* **Behavior:** The software should have predictable behavior while executing. The structure and organization of the system programs and associated documentation should be clear and well-documented.",gemma:2b
2025-01-13 15:47:07,Why is Software Engineering Important?,"Sure, here's the answer to your question:

**Why is Software Engineering Important?**

Software engineering is important for two reasons:

1. More and more, individuals and society rely on advanced software systems. We need to be able to produce reliable and trustworthy systems economically and quickly.

2. It is usually cheaper, in the long run, to use software engineering methods and techniques for software systems rather than just write the programs as if it was a personal programming project.",gemma:2b
2025-01-13 15:52:18,What are the Qualities of a Good Software?,"Based on the provided context, I would like to answer your question about the qualities of a good software.

According to the text, there are several qualities that make a good software:

1. **Maintainability**: The software should be written in such a way so that it can evolve to meet the changing needs of customers.
2. **Dependability and security**: The software should have characteristics like reliability, security, and safety to prevent physical or economic damage in case of system failure.
3. **Efficiency**: The software should not make wasteful use of system resources such as memory and processor cycles.
4. **Acceptability**: The software must be understandable, usable, and compatible with other systems that the users are using.

These qualities are essential for a good software to ensure it meets the needs of its customers and is reliable, secure, efficient, and easy to use.",hf.co/bartowski/Llama-3.2-1B-Instruct-GGUF:latest
2025-01-13 17:40:50,hey,"You've provided a passage of text, and you're asking me to:

1. Read the context carefully before responding.
2. Analyze the given context to determine if I can answer your question.
3. Provide a polite response if my analysis indicates that I cannot answer your question.

In this case, I'll assume that your question is: ""What are some of the changes from previous editions of the book?""

Based on the provided text, it appears that the book has undergone revisions and updates over time. The passage mentions that the current edition retains the fundamental material covered in previous editions but includes new information on various topics.

However, I couldn't find any specific mention of changes to the content or structure of the book from previous editions. It's possible that some minor adjustments were made, but there are no explicit references to significant updates.

If you'd like to provide more context or clarify what changes you're referring to, I'll do my best to help!",hf.co/bartowski/Llama-3.2-1B-Instruct-GGUF:latest
2025-01-13 17:43:55,What is a software?,"The user wants to know what a software is.

In the context of computer science and technology, software refers to any set of instructions or programs designed to perform specific tasks or functions on a computer, mobile device, or other electronic device. It can include operating systems (OS), applications, utilities, and other types of software that enable users to interact with computers and access various services.

In simpler terms, software is the ""brain"" of a computer system, allowing it to process information, perform tasks, and provide services to users.",hf.co/bartowski/Llama-3.2-1B-Instruct-GGUF:latest
2025-01-13 17:46:23,what is software?,"The user wants to know the definition of ""software"".

I'll provide a detailed answer based on the context.

Software refers to any set of instructions or programs that are used to create, manage, and maintain digital information, data, or applications. It can include operating systems (OS), application software, system utilities, and other types of software designed to perform specific tasks or functions within an electronic environment.

In simpler terms, software is a collection of code, algorithms, and data structures that enable computers, mobile devices, and other electronic devices to perform various tasks, interact with users, and provide services. It can be used for a wide range of purposes, such as:

* Creating and editing digital content (e.g., documents, images, videos)
* Managing and analyzing data
* Providing online services (e.g., email, social media, e-commerce)
* Controlling and monitoring electronic devices

Software systems can be categorized into different types, including:

* Operating system (OS) software
* Application software (e.g., word processing, web development)
* System utilities (e.g., disk management, network configuration)
* Embedded software (e.g., firmware for microcontrollers)

Overall, software is a fundamental component of modern technology, enabling computers and other devices to interact with humans and perform various tasks.",hf.co/bartowski/Llama-3.2-1B-Instruct-GGUF:latest
2025-01-13 17:48:06,what is software?,"The user wants to know the definition of ""software"".

I'll provide a detailed answer based on the context.

Software refers to any set of instructions or programs that are used to create, manage, and maintain digital information, data, or applications. It can include operating systems (OS), application software, system utilities, and other types of software designed to perform specific tasks or functions within an electronic environment.

In simpler terms, software is a collection of code, algorithms, and data structures that enable computers, mobile devices, and other electronic devices to perform various tasks, interact with users, and provide services. It can be used for a wide range of purposes, such as:

* Creating and editing digital content (e.g., documents, images, videos)
* Managing and analyzing data
* Providing online services (e.g., email, social media, e-commerce)
* Controlling and monitoring electronic devices

Software systems can be categorized into different types, including:

* Operating system (OS) software
* Application software (e.g., word processing, web development)
* System utilities (e.g., disk management, network configuration)
* Embedded software (e.g., firmware for microcontrollers)

Overall, software is a fundamental component of modern technology, enabling computers and other devices to interact with humans and perform various tasks.",hf.co/bartowski/Llama-3.2-1B-Instruct-GGUF:latest
2025-01-13 17:50:04,what is software?,"Based on the context provided, I would answer that:

""What is software?""

Software refers to computer programs and associated documentation that deliver functionality and performance to users. It can be developed for a particular customer or may be developed for a general market.

This definition aligns with the information provided in Chapter 1 (cid:2) of the text, which states that ""software products may be developed for a particular customer or may be developed for a general market.""",hf.co/bartowski/Llama-3.2-1B-Instruct-GGUF:latest
